tool,day,stars
duckdb,2026-07-11,39287
polars,2026-07-11,38979
dbt,2026-07-11,13411
dlt,2026-07-11,5592
duckdb,2026-07-12,39300
polars,2026-07-12,38983
dbt,2026-07-12,13412
dlt,2026-07-12,5592
duckdb,2026-07-13,39320
polars,2026-07-13,38993
dbt,2026-07-13,13431
dlt,2026-07-13,5595
duckdb,2026-07-14,39369
polars,2026-07-14,39005
dbt,2026-07-14,13442
dlt,2026-07-14,5602
duckdb,2026-07-15,39414
polars,2026-07-15,39015
dbt,2026-07-15,13450
dlt,2026-07-15,5610
duckdb,2026-07-16,39447
polars,2026-07-16,39023
dbt,2026-07-16,13456
dlt,2026-07-16,5615
duckdb,2026-07-17,39478
polars,2026-07-17,39028
dbt,2026-07-17,13462
dlt,2026-07-17,5621
duckdb,2026-07-18,39504
polars,2026-07-18,39037
dbt,2026-07-18,13467
dlt,2026-07-18,5626
duckdb,2026-07-19,39522
polars,2026-07-19,39041
dbt,2026-07-19,13475
dlt,2026-07-19,5629
duckdb,2026-07-20,39546
polars,2026-07-20,39053
dbt,2026-07-20,13478
dlt,2026-07-20,5632
duckdb,2026-07-21,39566
polars,2026-07-21,39061
dbt,2026-07-21,13488
dlt,2026-07-21,5633
duckdb,2026-07-22,39603
polars,2026-07-22,39068
dbt,2026-07-22,13490
dlt,2026-07-22,5640
duckdb,2026-07-23,39632
polars,2026-07-23,39072
dbt,2026-07-23,13500
dlt,2026-07-23,5642
duckdb,2026-07-24,39668
polars,2026-07-24,39082
dbt,2026-07-24,13509
dlt,2026-07-24,5652
duckdb,2026-07-25,39692
polars,2026-07-25,39096
dbt,2026-07-25,13513
dlt,2026-07-25,5659
duckdb,2026-07-26,39715
polars,2026-07-26,39107
dbt,2026-07-26,13516
dlt,2026-07-26,5662
duckdb,2026-07-27,39736
polars,2026-07-27,39111
dbt,2026-07-27,13520
dlt,2026-07-27,5667
duckdb,2026-07-28,39760
polars,2026-07-28,39114
dbt,2026-07-28,13528
dlt,2026-07-28,5669
duckdb,2026-07-29,39779
polars,2026-07-29,39124
dbt,2026-07-29,13539
dlt,2026-07-29,5674
duckdb,2026-07-30,39807
polars,2026-07-30,39131
dbt,2026-07-30,13544
dlt,2026-07-30,5678
duckdb,2026-07-31,39850
polars,2026-07-31,39147
dbt,2026-07-31,13549
dlt,2026-07-31,5680
duckdb,2026-08-01,39874
polars,2026-08-01,39154
dbt,2026-08-01,13556
dlt,2026-08-01,5681
duckdb,2026-08-02,39903
polars,2026-08-02,39156
dbt,2026-08-02,13558
dlt,2026-08-02,5685
duckdb,2026-08-03,39921
polars,2026-08-03,39202
dbt,2026-08-03,13563
dlt,2026-08-03,5687
duckdb,2026-08-04,39951
polars,2026-08-04,39238
dbt,2026-08-04,13571
dlt,2026-08-04,5689
duckdb,2026-08-05,39988
polars,2026-08-05,39257
dbt,2026-08-05,13578
dlt,2026-08-05,5704
duckdb,2026-08-06,40035
polars,2026-08-06,39275
dbt,2026-08-06,13587
dlt,2026-08-06,5711
duckdb,2026-08-07,40055
polars,2026-08-07,39289
dbt,2026-08-07,13595
dlt,2026-08-07,5713
duckdb,2026-08-08,40078
polars,2026-08-08,39301
dbt,2026-08-08,13597
dlt,2026-08-08,5718
duckdb,2026-08-09,40103
polars,2026-08-09,39313
dbt,2026-08-09,13604
dlt,2026-08-09,5721
duckdb,2026-08-10,40123
polars,2026-08-10,39321
dbt,2026-08-10,13610
dlt,2026-08-10,5723
duckdb,2026-08-11,40158
polars,2026-08-11,39334
dbt,2026-08-11,13616
dlt,2026-08-11,5728
duckdb,2026-08-12,40178
polars,2026-08-12,39339
dbt,2026-08-12,13622
dlt,2026-08-12,5730
duckdb,2026-08-13,40202
polars,2026-08-13,39343
dbt,2026-08-13,13633
dlt,2026-08-13,5733
duckdb,2026-08-14,40221
polars,2026-08-14,39350
dbt,2026-08-14,13638
dlt,2026-08-14,5737
duckdb,2026-08-15,40243
polars,2026-08-15,39361
dbt,2026-08-15,13643
dlt,2026-08-15,5739
duckdb,2026-08-16,40254
polars,2026-08-16,39364
dbt,2026-08-16,13647
dlt,2026-08-16,5742
duckdb,2026-08-17,40273
polars,2026-08-17,39365
dbt,2026-08-17,13650
dlt,2026-08-17,5747
duckdb,2026-08-18,40343
polars,2026-08-18,39375
dbt,2026-08-18,13651
dlt,2026-08-18,5748
duckdb,2026-08-19,40408
polars,2026-08-19,39384
dbt,2026-08-19,13658
dlt,2026-08-19,5752
duckdb,2026-08-21,40483
polars,2026-08-21,39418
dbt,2026-08-21,13674
dlt,2026-08-21,5764
duckdb,2026-08-22,40521
polars,2026-08-22,39436
dbt,2026-08-22,13675
dlt,2026-08-22,5767
duckdb,2026-08-24,40553
polars,2026-08-24,39461
dbt,2026-08-24,13683
dlt,2026-08-24,5774
duckdb,2026-08-25,40589
polars,2026-08-25,39478
dbt,2026-08-25,13685
dlt,2026-08-25,5775
duckdb,2026-08-26,40624
polars,2026-08-26,39490
dbt,2026-08-26,13690
dlt,2026-08-26,5779
duckdb,2026-08-27,40718
polars,2026-08-27,39515
dbt,2026-08-27,13701
dlt,2026-08-27,5782
duckdb,2026-08-28,40767
polars,2026-08-28,39528
dbt,2026-08-28,13707
dlt,2026-08-28,5793
duckdb,2026-08-29,40784
polars,2026-08-29,39537
dbt,2026-08-29,13716
dlt,2026-08-29,5795
duckdb,2026-08-30,40815
polars,2026-08-30,39549
dbt,2026-08-30,13730
dlt,2026-08-30,5798
duckdb,2026-08-31,40844
polars,2026-08-31,39565
dbt,2026-08-31,13739
dlt,2026-08-31,5802
duckdb,2026-09-01,40889
polars,2026-09-01,39577
dbt,2026-09-01,13754
dlt,2026-09-01,5804
duckdb,2026-09-02,40922
polars,2026-09-02,39582
dbt,2026-09-02,13766
dlt,2026-09-02,5809
